0,impose steep steel aluminum
1,aides defend move decry
2,helping restore made america
3,asian regain ground moderate
7,fifth straight day weighs
10,suing companies trademark infringement
13,signs order metal plan
14,nfl mock draft jets
18,minister altmaier ahead trip
0,threatens slap retaliatory european
2,sours flagging nafta talks
3,long time bull art
4,treasury secretary steven mnuchin
7,oil prices fall stokes
8,palin trying fighting decades
9,bulls turn spotlight demand
10,hillary clinton nafta tpp
15,growing trigger recession deutsche
16,wto challenge indian export
19,commerce secretary wilbur ross
0,wipe cuts penn analysis
2,revive deal avoid urges
4,jim rogers making bearish
5,unswayed republican president ordered
8,intellectual property theft real
10,president imposes levy aluminium
13,qualcomm huge deal prompt
14,pound eyes uk cpi
15,devastating american families chamber
16,analysis fulfill political pledge